{"Location1":{"Band1":0.08167,"Band2":0.01492,"Band3":0.02780,"Band4":0.04253,"Band5":0.12702,"Band6":0.04167,"Band7":0.01492,"Band8":0.02780,"Band9":0.04253,"Band10":0.12702},
"Location2":{"Band1":0.08167,"Band2":0.01492,"Band3":0.02780,"Band4":0.04253,"Band5":0.12702,"Band6":0.04167,"Band7":0.01492,"Band8":0.02780,"Band9":0.04253,"Band10":0.12702},
"Location3":{"Band1":0.08167,"Band2":0.01492,"Band3":0.02780,"Band4":0.04253,"Band5":0.12702,"Band6":0.04167,"Band7":0.01492,"Band8":0.02780,"Band9":0.04253,"Band10":0.12702},
"Location4":{"Band1":0.08167,"Band2":0.01492,"Band3":0.02780,"Band4":0.04253,"Band5":0.12702,"Band6":0.04167,"Band7":0.01492,"Band8":0.02780,"Band9":0.04253,"Band10":0.12702},
"Location5":{"Band1":0.08167,"Band2":0.01492,"Band3":0.02780,"Band4":0.04253,"Band5":0.12702,"Band6":0.04167,"Band7":0.01492,"Band8":0.02780,"Band9":0.04253,"Band10":0.12702},
"Location6":{"Band1":0.08167,"Band2":0.01492,"Band3":0.02780,"Band4":0.04253,"Band5":0.12702,"Band6":0.04167,"Band7":0.01492,"Band8":0.02780,"Band9":0.04253,"Band10":0.12702},
"Location7":{"Band1":0.08167,"Band2":0.01492,"Band3":0.02780,"Band4":0.04253,"Band5":0.12702,"Band6":0.04167,"Band7":0.01492,"Band8":0.02780,"Band9":0.04253,"Band10":0.12702},
"Location8":{"Band1":0.08167,"Band2":0.01492,"Band3":0.02780,"Band4":0.04253,"Band5":0.12702,"Band6":0.04167,"Band7":0.01492,"Band8":0.02780,"Band9":0.04253,"Band10":0.12702}
}